1682332853669370112,-32.96680,-19.33121,16.91844,0.91766,0.25197,0.28385,0.11763,
1682332854139873536,-29.32846,-17.36521,13.99730,0.87172,0.36939,0.30702,0.09689,
1682332858184934144,-29.38340,-17.34147,13.99151,0.87095,0.37208,0.30735,0.09242,
1682332858721589760,-29.32267,-17.30552,13.94283,0.87070,0.36726,0.31827,0.07557,
1682332862094766336,-29.27534,-17.28986,13.91285,0.87172,0.36228,0.32331,0.06578,
1682332862594321152,-29.28098,-17.28760,13.91952,0.87720,0.36043,0.31119,0.06140,
1682332863060566016,-29.23056,-17.26457,13.87869,0.87182,0.35785,0.32929,0.05863,
1682332863526996736,-29.20004,-17.25592,13.85329,0.87529,0.35342,0.32716,0.04397,
1682332867090616320,-29.16466,-17.23166,13.82039,0.87536,0.34943,0.33254,0.03256,
1682332935871777280,-29.15876,-17.23201,13.81770,0.87929,0.34778,0.32407,0.02942,
1682332936305453056,-29.12022,-17.21942,13.78850,0.87621,0.34515,0.33534,0.02588,
1682332937706881536,-29.09118,-17.20470,13.75737,0.87745,0.34063,0.33743,0.01395,
1682332948821670144,-29.04194,-17.17703,13.70333,0.87845,0.33906,0.33667,0.00374,
1682332952020112384,-28.99499,-17.16203,13.66133,0.87554,0.33546,0.34767,-0.00534,
1682333176423586816,0.06098,-0.00241,-0.00723,0.99995,-0.00064,0.00034,-0.01025,
1682333177992189440,0.11203,-0.00840,-0.00580,0.99975,-0.00160,-0.00073,-0.02214,
1682333181228563200,0.11192,-0.00121,-0.00563,0.99983,0.00107,-0.00146,-0.01808,
1682333181729389312,-0.66691,0.67122,-0.04037,0.99036,-0.12796,-0.00261,0.05293,
1682333182196449792,-0.64800,0.67410,-0.02897,0.99031,-0.12833,-0.00385,0.05304,
1682333186131139584,-0.63692,0.67638,-0.03966,0.99005,-0.12663,-0.00061,0.06132,
1682333187064728320,-0.55324,0.68536,-0.04907,0.99072,-0.12732,-0.00372,0.04750,
1682333196103133952,-0.54868,0.68397,-0.04835,0.99077,-0.12703,-0.00197,0.04728,
1682333196636748544,-0.55695,0.66746,-0.03792,0.99114,-0.13247,-0.00720,0.00653,
1682333197104631296,-0.55796,0.67081,-0.03788,0.99094,-0.13397,-0.00699,0.00567,
1682333197610167552,-0.55810,0.67040,-0.03851,0.99098,-0.13373,-0.00709,0.00581,
1682333203989259520,-0.55828,0.66997,-0.03813,0.99101,-0.13348,-0.00697,0.00586,
1682333204455240704,-0.56075,0.68922,-0.03662,0.99156,-0.12684,-0.00036,0.02679,
1682333206286144768,-0.56096,0.68922,-0.03626,0.99159,-0.12666,-0.00026,0.02676,
1682333206853017344,-0.56097,0.68923,-0.03626,0.99158,-0.12667,-0.00028,0.02675,
1682333239201491968,-0.53150,0.70070,-0.04396,0.99104,-0.13320,-0.00635,0.00769,
1682333239701935872,-0.44611,0.68750,-0.03853,0.99159,-0.12868,-0.00411,-0.01290,
1682333240669586176,-0.34544,0.67314,-0.04602,0.99128,-0.12913,-0.01396,-0.02205,
1682333241170166016,-0.31502,0.67021,-0.04501,0.99084,-0.13085,-0.02981,-0.01501,
1682333241637400064,-0.29337,0.66844,-0.04440,0.99089,-0.12799,-0.03888,-0.01542,
1682333242538271744,-0.22731,0.66564,-0.04705,0.99146,-0.12693,-0.02367,-0.01843,
1682333242971827712,-0.18167,0.66929,-0.05178,0.99142,-0.12880,-0.01040,-0.01964,
1682333244873301248,0.00452,0.65313,-0.06369,0.99134,-0.12948,-0.00954,-0.01947,
1682333247075058688,0.18835,0.65183,-0.06740,0.99149,-0.12756,-0.01028,-0.02403,
1682333249477558784,0.41651,0.63520,-0.07975,0.99174,-0.12524,-0.01163,-0.02495,
1682333250581174016,0.44286,0.62868,-0.07728,0.99115,-0.12442,-0.02640,-0.03810,
1682333251085015040,0.49339,0.64120,-0.08357,0.99094,-0.12803,-0.00727,-0.03994,
1682333251553270016,0.57572,0.63245,-0.09317,0.98734,-0.14583,0.01940,-0.05926,
1682333252019844352,0.56661,0.64153,-0.09715,0.98611,-0.15547,-0.00653,-0.05811,
1682333252486371328,0.62768,0.61305,-0.08948,0.99069,-0.12637,-0.01446,-0.04861,
1682333252952840704,0.65420,0.60223,-0.09341,0.99022,-0.12755,-0.01138,-0.05531,
1682333254552373504,0.63945,0.61218,-0.07297,0.99330,-0.11438,-0.00099,-0.01677,
1682333255052155136,0.55779,0.67315,-0.11579,0.98759,-0.12829,0.00437,0.09047,
1682333255551979520,0.75146,0.67211,-0.13985,0.98761,-0.12482,0.00351,0.09501,
1682333258318049024,0.75859,0.67381,-0.15249,0.98784,-0.12792,0.00660,0.08814,
1682333258789705984,0.81097,0.67591,-0.15273,0.98838,-0.12741,0.00155,0.08291,
1682333259763710976,0.90091,0.68540,-0.16180,0.98901,-0.12806,-0.00170,0.07393,
1682333260728883456,1.00594,0.68431,-0.16991,0.98969,-0.12916,-0.00273,0.06187,
1682333266132812032,1.10264,0.69646,-0.17627,0.99030,-0.12988,-0.00249,0.04939,
1682333267066663424,1.20520,0.69440,-0.18375,0.99052,-0.13141,-0.00477,0.03968,
1682333267534207488,1.25088,0.69496,-0.18817,0.99091,-0.13164,-0.00488,0.02746,
1682333268470507520,1.33990,0.69312,-0.19116,0.99112,-0.13191,-0.00724,0.01517,
1682333269379020544,1.41975,0.69974,-0.19505,0.99107,-0.13303,-0.00770,0.00568,
1682333270245220864,1.53985,0.70291,-0.20209,0.99128,-0.13169,-0.00547,0.00023,
1682333272869009152,1.52872,0.70831,-0.19272,0.99216,-0.12476,-0.00414,0.00648,
1682333273267532544,1.50768,0.75750,-0.18187,0.98361,-0.10632,0.02099,0.14413,
1682333273699211520,1.52787,0.76014,-0.22251,0.97933,-0.12361,0.01671,0.15920,
1682333275566759680,1.58116,0.76697,-0.22869,0.97827,-0.12144,0.01697,0.16718,
1682333276099738112,1.62102,0.78657,-0.24093,0.97923,-0.12304,0.01550,0.16042,
1682333276665796352,1.68207,0.80482,-0.24730,0.98078,-0.12362,0.01422,0.15028,
1682333277264306944,1.73782,0.82160,-0.25495,0.98207,-0.12300,0.01244,0.14232,
1682333277829562368,1.79291,0.83910,-0.26526,0.98313,-0.12394,0.01225,0.13399,
1682333278428114944,1.85989,0.85345,-0.27236,0.98475,-0.12462,0.01132,0.12086,
1682333278660867584,1.88526,0.85748,-0.27283,0.98518,-0.12415,0.01056,0.11792,
1682333279625424128,1.98767,0.88281,-0.28930,0.98583,-0.12897,0.00600,0.10712,
1682333280663997184,2.10640,0.90629,-0.30034,0.98748,-0.12972,0.00388,0.08972,
1682333281230034432,2.17990,0.91844,-0.30782,0.98822,-0.12939,0.00292,0.08167,
1682333282095755264,2.28111,0.93091,-0.31789,0.98890,-0.13047,0.00116,0.07114,
1682333284729807104,2.28927,0.93192,-0.31840,0.98926,-0.12983,0.00128,0.06710,
1682333285165938944,2.25775,0.95701,-0.29795,0.98482,-0.11584,0.02157,0.12749,
1682333285568928256,2.29984,0.95628,-0.32718,0.97753,-0.12138,0.01722,0.17148,
1682333289939403520,2.30821,0.95997,-0.32839,0.97612,-0.11898,0.01540,0.18111,
1682333290406181632,2.30304,0.97146,-0.33643,0.97738,-0.12231,0.01045,0.17221,
1682333290872976896,2.37036,0.98961,-0.33772,0.97877,-0.12307,0.01532,0.16320,
1682333291339774720,2.42074,1.00310,-0.34816,0.98000,-0.12425,0.01334,0.15489,
1682333291806751744,2.46584,1.01363,-0.35495,0.98173,-0.12404,0.01164,0.14380,
1682333292273990400,2.51109,1.02299,-0.36356,0.98249,-0.12470,0.01196,0.13789,
1682333292741318144,2.56857,1.03491,-0.37179,0.98313,-0.12514,0.01070,0.13298,
1682333295244322816,2.60183,1.03460,-0.37798,0.98359,-0.12401,0.01128,0.13054,
1682333295644918528,2.61493,1.06878,-0.36944,0.97344,-0.10793,0.02390,0.20049,
1682333296045143808,2.58438,1.08019,-0.39435,0.94817,-0.10911,0.03501,0.29638,
1682333296445368320,2.59926,1.10067,-0.38868,0.94839,-0.10987,0.03473,0.29543,
1682333297313012224,2.57863,1.07885,-0.39496,0.94814,-0.10994,0.03394,0.29629,
1682333297813492480,2.58030,1.08240,-0.39304,0.94496,-0.10900,0.03260,0.30676,
1682333298313696512,2.59839,1.09238,-0.40112,0.94297,-0.10606,0.03518,0.31356,
1682333299280640768,2.68346,1.15899,-0.42334,0.94743,-0.10950,0.03394,0.29871,
1682333299780758016,2.73546,1.19480,-0.43708,0.95052,-0.11049,0.03182,0.28861,
1682333300214213888,2.77642,1.21788,-0.44716,0.95478,-0.10990,0.03039,0.27458,
1682333300647652096,2.80482,1.24020,-0.45478,0.95446,-0.10952,0.02887,0.27601,
1682333301081125120,2.83569,1.25223,-0.46009,0.95762,-0.11253,0.02748,0.26371,
1682333301514577920,2.87130,1.26638,-0.46976,0.95873,-0.11230,0.02650,0.25984,
1682333301948997632,2.91566,1.28794,-0.48151,0.96203,-0.11365,0.02385,0.24701,
1682333302383835904,2.95494,1.30820,-0.48846,0.96424,-0.11491,0.02259,0.23776,
1682333302818076160,3.00201,1.32930,-0.50059,0.96576,-0.11373,0.02143,0.23219,
1682333303251402752,3.04549,1.34436,-0.51328,0.96892,-0.11452,0.01670,0.21863,
1682333303651381504,3.08015,1.36547,-0.52252,0.96887,-0.11408,0.02372,0.21842,
1682333304051740416,3.07706,1.36429,-0.52232,0.96913,-0.11414,0.01816,0.21777,
1682333304485482496,3.07758,1.36544,-0.52286,0.96915,-0.11410,0.01855,0.21766,
1682333304952335360,3.07600,1.36451,-0.52322,0.96913,-0.11419,0.01844,0.21772,
1682333305385695744,3.10316,1.37429,-0.53156,0.96978,-0.11444,0.01414,0.21502,
1682333305820604416,3.13739,1.38528,-0.53135,0.97200,-0.11431,0.01403,0.20484,
1682333306293002240,3.17567,1.40274,-0.54469,0.97375,-0.11393,0.01149,0.19672,
1682333306764412672,3.22263,1.42596,-0.55819,0.97577,-0.11493,0.00850,0.18599,
1682333307264002304,3.28286,1.43288,-0.55295,0.97779,-0.11605,0.01365,0.17400,
1682333307697007104,3.27610,1.43210,-0.55812,0.97802,-0.11623,0.00802,0.17294,
1682333308129830656,3.29403,1.43733,-0.56130,0.97841,-0.11672,0.00522,0.17049,
1682333308562564096,3.32331,1.44460,-0.56303,0.97949,-0.11613,0.00894,0.16440,
1682333308995732224,3.36686,1.45907,-0.56669,0.98035,-0.11679,0.00500,0.15887,
1682333309395779072,3.40990,1.46913,-0.56953,0.98179,-0.11657,0.00357,0.14994,
1682333309796305408,3.45281,1.48103,-0.57527,0.98321,-0.11780,0.00257,0.13931,
1682333310200901120,3.51065,1.48643,-0.57076,0.98390,-0.11554,0.00525,0.13625,
1682333310673304576,3.48238,1.49012,-0.57603,0.98396,-0.11783,0.00429,0.13384,
1682333311073914880,3.49023,1.48912,-0.57451,0.98391,-0.11768,0.00535,0.13430,
1682333311473213952,3.48851,1.48993,-0.57537,0.98391,-0.11808,0.00505,0.13399,
1682333311905767424,3.47513,1.49875,-0.57111,0.98266,-0.11453,0.00520,0.14571,
1682333312338170880,3.54221,1.46813,-1.15852,0.96538,-0.09591,-0.04464,0.23845,
1682333312803729408,3.44968,1.58116,-0.79447,0.96829,-0.10492,-0.00426,0.22670,
1682333313236337920,3.44420,1.58597,-0.78071,0.96845,-0.10485,-0.00260,0.22605,
1682333313635578880,3.45185,1.57989,-0.77305,0.96819,-0.10498,-0.00192,0.22710,
1682333314068276992,3.45583,1.56258,-0.84874,0.96792,-0.10418,-0.01059,0.22840,
1682333314500957696,3.47612,1.54698,-0.88610,0.96740,-0.10361,-0.01473,0.23060,
1682333314900312064,3.48579,1.53192,-0.86847,0.96683,-0.10429,-0.01306,0.23278,
1682333315299632896,3.49108,1.52450,-0.84601,0.96648,-0.10495,-0.01075,0.23404,
1682333315765489664,3.48724,1.53859,-0.90087,0.96702,-0.10396,-0.01644,0.23193,
1682333316231785472,3.48676,1.53839,-0.90074,0.96704,-0.10382,-0.01636,0.23191,
1682333316631387648,3.48695,1.53867,-0.90087,0.96707,-0.10368,-0.01630,0.23187,
1682333317030662144,3.51150,1.55472,-0.90692,0.96530,-0.10443,-0.01662,0.23879,
1682333317462913280,3.54076,1.56845,-0.91190,0.96536,-0.10447,-0.02242,0.23805,
1682333317895326720,3.57529,1.58797,-0.72891,0.96880,-0.11065,0.00038,0.22177,
1682333318295095808,3.63291,1.61956,-0.70816,0.97045,-0.11136,0.00281,0.21403,
1682333318728157184,3.69975,1.64165,-0.71007,0.97312,-0.11362,-0.00012,0.20033,
1682333319194247680,3.75781,1.62377,-0.69739,0.97486,-0.11610,-0.00016,0.19017,
1682333319660189952,3.84319,1.66007,-0.70628,0.97735,-0.11646,0.00040,0.17672,
1682333320092707072,3.91075,1.68222,-0.70920,0.97856,-0.11711,0.00051,0.16942,
1682333320425321472,3.95642,1.69872,-0.71150,0.98030,-0.11943,-0.00254,0.15727,
1682333320724611584,4.00635,1.71346,-0.71143,0.98204,-0.11961,-0.00332,0.14588,
1682333321057272320,4.06420,1.73086,-0.71744,0.98322,-0.12012,-0.00310,0.13728,
1682333321323339008,4.10963,1.74017,-0.71968,0.98453,-0.12069,-0.00523,0.12695,
1682333321622603264,4.12144,1.74978,-0.70874,0.98310,-0.12040,-0.03411,0.13363,
1682333321956364032,4.18220,1.75779,-0.69844,0.98314,-0.11259,-0.04080,0.13818,
1682333322257852928,4.19722,1.77141,-0.69415,0.98109,-0.11407,-0.05998,0.14438,
1682333322660089600,4.19621,1.77949,-0.69986,0.98265,-0.11205,-0.06665,0.13191,
1682333323060580352,4.23733,1.78226,-0.70349,0.98450,-0.11577,-0.03548,0.12684,
1682333323426911232,4.24489,1.78419,-0.71070,0.98489,-0.11937,-0.02264,0.12342,
1682333323759888640,4.29823,1.78449,-0.71750,0.98816,-0.12460,-0.00262,0.08947,
1682333324492496128,4.37360,1.79023,-0.72220,0.98831,-0.12582,-0.01164,0.08526,
1682333324892123648,4.46808,1.80977,-0.74784,0.98751,-0.14564,0.01618,0.05797,
1682333325192030720,4.51431,1.80169,-0.74320,0.99084,-0.12858,-0.00859,0.04033,
1682333325458596352,4.51709,1.80272,-0.74133,0.99140,-0.12580,-0.01348,0.03343,
1682333328306254592,4.51881,1.80331,-0.74166,0.99133,-0.12625,-0.01408,0.03355,
1682333328576390144,4.53459,1.82458,-0.73767,0.99007,-0.09888,0.00392,0.09980,
1682333328846675456,4.74820,2.39718,-0.90898,0.98281,0.02796,0.01547,0.18181,
1682333329283782912,5.02314,4.66500,-1.04400,0.98703,0.07690,-0.05084,-0.13144,
1682333329654607616,4.59305,3.94225,-0.77188,0.99892,-0.01405,0.04325,0.00934,
1682333333618302464,4.13678,3.88613,-0.79242,0.99913,-0.00519,0.04095,0.00641,
1682333334017411072,4.17305,3.88813,-0.79663,0.99910,-0.00453,0.03962,0.01436,
1682333334416644864,4.23317,3.88803,-0.80659,0.99919,-0.00602,0.03976,-0.00093,
1682333335281648640,4.37123,3.87952,-0.81724,0.99866,-0.00776,0.04789,-0.01825,
1682333342834350336,4.36466,3.87997,-0.82145,0.99886,-0.00848,0.04244,-0.02004,
1682333344871616512,4.49684,3.88392,-0.84462,0.99770,-0.01700,0.02120,-0.06210,
1682333345374806272,4.55273,3.86726,-0.86483,0.99630,-0.01451,0.03314,-0.07791,
1682333345944841984,4.55942,3.86603,-0.85822,0.99611,-0.01402,0.03913,-0.07774,
1682333349381510400,4.56007,3.86812,-0.85492,0.99608,-0.01317,0.03936,-0.07815,
1682333349915245056,4.59087,3.86876,-0.86948,0.99548,-0.01486,0.03718,-0.08607,
1682333350482655232,4.67185,3.84626,-0.87829,0.99396,-0.01535,0.03738,-0.10206,
1682333351016612096,4.70080,3.85608,-0.89417,0.99186,-0.01820,0.03477,-0.12116,
1682333351516940800,4.71241,3.83799,-0.88097,0.99206,-0.01805,0.03728,-0.11877,
1682333352150681856,4.74378,3.82306,-0.88132,0.99102,-0.01824,0.03861,-0.12673,
1682333352717701120,4.81192,3.79290,-0.89718,0.98990,-0.01794,0.03708,-0.13568,
1682333353251364608,4.85712,3.77428,-0.90329,0.98782,-0.01959,0.03610,-0.15005,
1682333353885084928,4.90271,3.75840,-0.90681,0.98639,-0.02084,0.03553,-0.15917,
1682333355286052352,4.91450,3.76201,-0.90411,0.98612,-0.01981,0.03655,-0.16076,
1682333356120123904,4.96557,3.73143,-0.91601,0.98177,-0.02319,0.03545,-0.18528,
1682333356653764096,5.01894,3.71589,-0.92394,0.97934,-0.02481,0.03532,-0.19757,
1682333357154240000,5.08352,3.67891,-0.93470,0.97662,-0.02516,0.03493,-0.21061,
1682333357888763648,5.12620,3.65897,-0.93755,0.97409,-0.02696,0.03530,-0.22177,
1682333360156758016,5.15497,3.64785,-0.93861,0.97122,-0.02827,0.03705,-0.23359,
1682333360523624704,5.17264,3.62696,-0.93753,0.96865,-0.03040,0.03521,-0.24403,
1682333360890484992,5.19736,3.62246,-0.94430,0.96595,-0.03085,0.03776,-0.25408,
1682333361824384768,5.29137,3.55877,-0.95765,0.96134,-0.03255,0.03520,-0.27116,
1682333362192974080,5.32560,3.53591,-0.95917,0.95856,-0.03261,0.03742,-0.28052,
1682333362598826752,5.36030,3.50890,-0.96403,0.95408,-0.03318,0.03679,-0.29541,
1682333363038952704,5.38708,3.48213,-0.96978,0.95095,-0.03652,0.03515,-0.30515,
1682333364238651392,5.38430,3.48412,-0.96875,0.95065,-0.03444,0.03836,-0.30595,
1682333364638647808,5.39541,3.47906,-0.95245,0.95995,-0.01616,0.04209,-0.27653,
1682333364971949568,5.40415,3.52189,-0.98003,0.99155,0.00280,0.03135,-0.12587,
1682333365405974016,5.25655,3.55115,-0.98340,0.99436,-0.01293,0.03720,-0.09852,
1682333365806899712,5.45140,3.46303,-1.07902,0.99515,-0.01950,0.00448,-0.09634,
1682333366708054016,5.44851,3.46811,-1.07509,0.99528,-0.01630,0.00479,-0.09550,
1682333367208433920,5.45639,3.88902,-1.08098,0.99599,-0.07982,0.02571,0.03105,
1682333367610306560,5.45270,3.88627,-1.07880,0.99578,-0.08225,0.02501,0.03216,
1682333372007462144,5.45977,3.88685,-1.08882,0.99607,-0.08016,0.02158,0.03101,
1682333372373942016,5.48323,3.88457,-1.09249,0.99609,-0.08257,0.02044,0.02403,
1682333372776760576,5.52561,3.88840,-1.09530,0.99622,-0.08119,0.02216,0.02147,
1682333373179732992,5.55294,3.88051,-1.10418,0.99653,-0.07835,0.02015,0.01959,
1682333373580635648,5.60080,3.87895,-1.10924,0.99684,-0.07674,0.01865,0.00836,
1682333373979662336,5.64203,3.87828,-1.11913,0.99645,-0.08220,0.01708,0.00612,
1682333374378582272,5.67579,3.87152,-1.12989,0.99626,-0.08481,0.01648,-0.00312,
1682333374777411584,5.71244,3.88151,-1.13838,0.99605,-0.08649,0.01386,-0.01472,
1682333375275745792,5.76557,3.88253,-1.15007,0.99594,-0.08672,0.01165,-0.02117,
1682333375641352192,5.79869,3.88904,-1.15911,0.99554,-0.08791,0.00884,-0.03312,
1682333376073364736,5.85324,3.84330,-1.15080,0.99565,-0.08716,0.01232,-0.03037,
1682333376538644736,5.90048,3.81728,-1.14152,0.99507,-0.08886,0.01235,-0.04228,
1682333376937442560,5.94382,3.80945,-1.12701,0.99515,-0.08797,0.01639,-0.04091,
1682333377336074240,5.98421,3.79768,-1.12559,0.99510,-0.08955,0.01808,-0.03790,
1682333377701829632,5.99285,3.78672,-1.12448,0.99519,-0.08862,0.01682,-0.03823,
1682333378100707584,5.99335,3.78886,-1.13299,0.99505,-0.08995,0.01626,-0.03889,
1682333378500669696,5.98191,3.83970,-1.15282,0.99561,-0.08738,0.01439,-0.03033,
1682333378902721536,6.97774,3.57412,-1.60683,0.97488,-0.14717,-0.15729,0.05667,
1682333379271538944,6.87961,3.14552,-1.51768,0.91451,-0.32899,-0.19910,0.12570,
1682333380071091456,6.81177,3.26773,-1.64021,0.97485,-0.11121,-0.14996,0.12170,
1682333380470534656,6.79762,3.26645,-1.64395,0.97385,-0.11352,-0.15325,0.12343,
1682333380836823040,6.83211,3.27929,-1.64003,0.97537,-0.11627,-0.14547,0.11824,
1682333381236350464,6.85042,3.28057,-1.63493,0.97362,-0.11793,-0.15017,0.12496,
1682333381669751040,6.89690,3.29832,-1.62731,0.97372,-0.11998,-0.15214,0.11969,
1682333382103426816,6.94609,3.30570,-1.61794,0.97436,-0.11931,-0.15065,0.11704,
1682333382570462720,7.00163,3.29421,-1.63004,0.97372,-0.11955,-0.15539,0.11592,
1682333383004118016,7.04706,3.30890,-1.65143,0.97439,-0.11956,-0.16375,0.09728,
1682333383437793792,7.10182,3.31626,-1.62432,0.97525,-0.11940,-0.16255,0.09059,
1682333383873544960,7.15308,3.30385,-1.58283,0.97672,-0.11819,-0.15777,0.08467,
1682333384309560576,7.20515,3.31189,-1.58343,0.97738,-0.11922,-0.15732,0.07600,
1682333384743560192,7.20215,3.30619,-1.56826,0.97678,-0.11824,-0.16075,0.07792,
1682333385210019328,7.22670,3.30997,-1.58174,0.97645,-0.11871,-0.16467,0.07303,
1682333385643075584,7.24958,3.30748,-1.56154,0.97714,-0.11828,-0.16620,0.05995,
1682333386042722816,7.29161,3.30594,-1.54889,0.97818,-0.11554,-0.16539,0.04957,
1682333386509000448,7.34133,3.31912,-1.52815,0.97905,-0.11532,-0.16275,0.04101,
1682333387009003008,7.39946,3.31581,-1.51663,0.97930,-0.11233,-0.16640,0.02579,
1682333387475609856,7.41786,3.32293,-1.49719,0.98027,-0.11200,-0.16154,0.02058,
1682333387975313152,7.40530,3.34904,-1.45999,0.98161,-0.10829,-0.14341,0.06444,
1682333388508760576,7.71156,3.99311,-1.71735,0.96815,0.07606,-0.23844,-0.00644,
1682333388911909632,7.86236,4.21141,-1.64972,0.96225,0.03631,-0.25313,0.09314,
1682333390663855872,7.84132,4.13190,-1.66771,0.96130,0.02643,-0.25308,0.10558,
1682333391129722112,7.85334,4.15943,-1.66495,0.96117,0.03090,-0.25445,0.10223,
1682333391528934656,7.84349,4.16309,-1.66567,0.96158,0.03143,-0.25326,0.10120,
1682333394657251584,7.76910,4.14449,-1.71220,0.96272,0.03046,-0.25366,0.08884,
1682333396754054400,7.70016,4.12463,-1.74040,0.96306,0.03074,-0.25287,0.08735,
1682333397186745856,7.65547,4.11947,-1.75948,0.96401,0.03234,-0.25119,0.08085,
1682333398385034496,7.58402,4.15388,-1.79168,0.95934,0.02505,-0.25144,0.12575,
1682333398784943104,7.56947,4.18984,-1.79277,0.92117,-0.00963,-0.24819,0.29960,
1682333399218641152,7.56155,4.18692,-1.79279,0.92139,-0.00947,-0.24751,0.29950,
1682333399585603328,7.49510,4.20636,-1.81224,0.84787,-0.04381,-0.23381,0.47384,
1682333400021295616,7.47266,4.22131,-1.81325,0.72035,-0.09004,-0.21188,0.65429,
1682333400457509632,7.43889,4.21130,-1.80135,0.67067,-0.12208,-0.20846,0.70131,
1682333400891821312,7.47178,4.22157,-1.79026,0.65716,-0.12319,-0.20602,0.71451,
1682333401723972352,7.49461,4.22759,-1.78626,0.64855,-0.12449,-0.20800,0.72154,
1682333402189822464,7.47459,4.20832,-1.70799,0.70907,-0.15312,-0.22117,0.65181,
1682333402589017600,7.54027,4.22275,-1.78377,0.73552,-0.09717,-0.23504,0.62795,
1682333402955203072,7.51111,4.21994,-1.73505,0.73879,-0.12125,-0.23363,0.62041,
1682333403787801856,7.51210,4.21978,-1.73657,0.73848,-0.12044,-0.23393,0.62083,
1682333404221578240,7.53204,4.14875,-1.70108,0.80585,-0.11453,-0.25945,0.51978,
1682333404655300096,7.55893,4.19808,-1.70798,0.85098,-0.08172,-0.27248,0.44148,
1682333405055281152,7.57601,4.17088,-1.68539,0.84600,-0.09261,-0.27632,0.44649,
1682333405455267072,7.56638,4.18724,-1.68318,0.84747,-0.09417,-0.27603,0.44354,
1682333406828828160,7.56702,4.19031,-1.68901,0.84789,-0.09103,-0.27518,0.44392,
1682333407262087680,7.58200,4.14849,-1.68201,0.88159,-0.07834,-0.28585,0.36735,
1682333407762009600,7.59439,4.17992,-1.66155,0.91984,-0.04489,-0.28757,0.26304,
1682333408228460288,7.60334,4.18305,-1.65830,0.92001,-0.04398,-0.28636,0.26391,
1682333411028093696,7.60312,4.17628,-1.65942,0.91993,-0.04349,-0.28567,0.26501,
1682333411494475264,7.61368,4.15397,-1.66215,0.91872,-0.04231,-0.28586,0.26914,
1682333412560489216,7.61091,4.15056,-1.66325,0.91880,-0.04175,-0.28512,0.26976,
1682333415827998720,7.60949,4.15033,-1.66095,0.91904,-0.04198,-0.28425,0.26983,
1682333421667750912,7.61321,4.15254,-1.66032,0.91890,-0.04231,-0.28460,0.26988,
1682333422334862848,7.61388,4.15354,-1.65941,0.91894,-0.04262,-0.28454,0.26975,
1682333422968568832,7.60680,4.14941,-1.66072,0.91908,-0.04210,-0.28411,0.26983,
1682333424302718464,7.60573,4.14918,-1.66096,0.91913,-0.04201,-0.28407,0.26970,
1682333427006782208,7.60562,4.14905,-1.66089,0.91913,-0.04198,-0.28404,0.26974,
1682333456091386624,7.61003,4.14892,-1.66082,0.91893,-0.04135,-0.28409,0.27047,
1682333456525391616,7.57415,4.19338,-1.65443,0.88612,-0.05407,-0.26614,0.37554,
1682333456925939456,7.56546,4.15967,-1.65734,0.86951,-0.06867,-0.26339,0.41214,
1682333457793272576,7.58739,4.16929,-1.65512,0.86865,-0.06855,-0.26517,0.41283,
1682333459028282112,7.60285,4.19725,-1.64531,0.86592,-0.06980,-0.26536,0.41821,
1682333459798064640,7.63860,4.23979,-1.62454,0.87134,-0.06610,-0.26847,0.40536,
1682333460264846336,7.66821,4.28177,-1.60692,0.87491,-0.06483,-0.26814,0.39803,
1682333460731602432,7.69889,4.32127,-1.58378,0.87892,-0.06300,-0.26825,0.38933,
1682333461231934464,7.73117,4.36334,-1.56075,0.88272,-0.06088,-0.26887,0.38054,
1682333461765676544,7.77014,4.40468,-1.54280,0.88644,-0.05990,-0.27129,0.37019,
1682333462266042112,7.80334,4.44372,-1.52016,0.89072,-0.05733,-0.27123,0.36022,
1682333462799756544,7.82012,4.46997,-1.50068,0.89488,-0.05638,-0.27246,0.34897,
1682333463233891328,7.85483,4.49954,-1.47934,0.89821,-0.05350,-0.27456,0.33908,
1682333465235281152,7.86842,4.51132,-1.47256,0.89984,-0.05123,-0.27265,0.33665,
1682333465735520000,7.87009,4.54558,-1.45853,0.87729,-0.05771,-0.26223,0.39784,
1682333466206097664,7.86010,4.54246,-1.48515,0.84837,-0.07822,-0.26226,0.45318,
1682333467552491264,7.86442,4.54987,-1.47995,0.84832,-0.07901,-0.26247,0.45301,
1682333469884827392,7.87927,4.57689,-1.47059,0.85045,-0.07919,-0.26218,0.44914,
1682333470317334784,7.91229,4.61990,-1.46006,0.85420,-0.07664,-0.26342,0.44167,
1682333470816289792,7.94838,4.66773,-1.44272,0.85818,-0.07533,-0.26586,0.43263,
1682333471282293760,7.96459,4.69191,-1.43306,0.86137,-0.07219,-0.26701,0.42608,
1682333475676493056,7.96072,4.69548,-1.43023,0.86223,-0.07269,-0.26523,0.42536,
1682333476143066112,7.93648,4.72618,-1.43972,0.78550,-0.10511,-0.24392,0.55898,
1682333476609256192,7.94285,4.71606,-1.43504,0.78530,-0.10461,-0.24359,0.55949,
1682333477108636928,7.94459,4.71751,-1.44306,0.78363,-0.09978,-0.24243,0.56320,
1682333477541355008,7.92237,4.72560,-1.47027,0.67801,-0.11996,-0.21004,0.69411,
1682333478073894400,7.90807,4.69157,-1.47427,0.65645,-0.13498,-0.21221,0.71121,
1682333478606956544,7.90083,4.70129,-1.46773,0.65831,-0.13603,-0.21016,0.70990,
1682333481237297920,7.89722,4.70248,-1.46628,0.65899,-0.13667,-0.20960,0.70931,
1682333483610781952,7.90074,4.70065,-1.46522,0.65825,-0.13739,-0.20974,0.70981,
1682333484146109696,7.91856,4.73087,-1.52389,0.62544,-0.10493,-0.20249,0.74620,
1682333484612937216,7.82255,4.67081,-1.45972,0.53580,-0.19320,-0.17721,0.80261,
1682333484712931840,7.81270,4.66274,-1.43973,0.53836,-0.20174,-0.16869,0.80064,
1682333485513246976,7.75217,4.63652,-1.40108,0.46457,-0.22847,-0.09826,0.84989,
1682333485579937536,7.78931,4.64996,-1.44837,0.42189,-0.22032,-0.12562,0.87045,
1682333486446891520,7.78683,4.65082,-1.44674,0.42269,-0.21778,-0.12221,0.87119,
1682333487747682816,7.79403,4.66602,-1.44397,0.41789,-0.21763,-0.12018,0.87382,
1682333488048014592,7.79401,4.66217,-1.44740,0.41870,-0.21670,-0.12164,0.87346,
1682333488683823616,7.78842,4.66418,-1.44685,0.40500,-0.21990,-0.10925,0.88073,
1682333488951600640,7.78882,4.64883,-1.47908,0.31704,-0.21257,-0.07519,0.92122,
1682333489691278080,7.78619,4.64778,-1.47896,0.31801,-0.21325,-0.07591,0.92067,
1682333490769385216,7.79793,4.63377,-1.45019,0.23707,-0.22517,-0.06596,0.94273,
1682333491241677824,7.79032,4.63186,-1.46237,0.23695,-0.22380,-0.07418,0.94248,
1682333493073391104,7.79234,4.63186,-1.46279,0.23683,-0.22358,-0.07319,0.94264,
1682333493439759616,7.79988,4.63061,-1.44996,0.28636,-0.21916,-0.09968,0.92738,
1682333493838853120,7.81685,4.66090,-1.44533,0.35173,-0.21348,-0.11295,0.90441,
1682333494204588544,7.81323,4.66426,-1.43969,0.35032,-0.21516,-0.11558,0.90423,
1682333494537219584,7.85429,4.72209,-1.43277,0.40089,-0.20647,-0.13339,0.88253,
1682333494936534528,7.91061,4.75134,-1.39024,0.53928,-0.18721,-0.18843,0.79914,
1682333495302501632,7.95087,4.75544,-1.35739,0.67124,-0.15920,-0.22930,0.68667,
1682333495735085568,8.04419,4.74022,-1.34246,0.78592,-0.11115,-0.27693,0.54156,
1682333496533512960,8.04524,4.74125,-1.34308,0.78519,-0.11252,-0.27842,0.54158,
1682333496932684800,8.04659,4.74125,-1.34295,0.78488,-0.11066,-0.27742,0.54292,
1682333497365056512,8.09948,4.73247,-1.34286,0.81658,-0.09468,-0.31417,0.47490,
1682333497697742592,8.08921,4.71773,-1.33194,0.87838,-0.05871,-0.31509,0.35456,
1682333498063612416,8.09160,4.60776,-1.19692,0.91531,-0.10616,-0.29562,0.25209,
1682333498529367296,8.07908,4.59728,-1.28737,0.93676,-0.02643,-0.31886,0.14182,
1682333498995395072,8.10395,4.55317,-1.14160,0.92864,-0.09344,-0.31165,0.17826,
1682333499428073472,8.09038,4.52451,-1.12438,0.93552,-0.09239,-0.30554,0.15134,
1682333499760943872,8.09789,4.48421,-1.12225,0.94632,-0.05711,-0.31720,0.02454,
1682333500160305664,8.10585,4.44959,-1.08309,0.94432,-0.08150,-0.31527,0.04703,
1682333501968443648,8.15562,4.43857,-1.08626,0.93829,-0.07172,-0.33042,0.07271,
1682333502403837440,8.13673,4.46077,-1.03642,0.94279,-0.05185,-0.32260,-0.06619,
1682333502808193792,7.97010,4.49438,-0.77410,0.95768,-0.00117,-0.24031,-0.15843,
1682333503246655744,8.15236,4.45479,-1.06475,0.92956,-0.01054,-0.33456,-0.15453,
1682333503750514432,8.12130,4.46049,-1.03564,0.93421,-0.02355,-0.31862,-0.15869,
1682333504085193984,8.15544,4.34432,-1.03229,0.92562,-0.02918,-0.33752,-0.16867,
1682333504517167104,8.09579,4.44569,-1.04906,0.92026,-0.01732,-0.31923,-0.22565,
1682333505425868288,8.09549,4.44566,-1.04905,0.92025,-0.01727,-0.31931,-0.22556,
1682333505895046400,8.07296,4.40779,-1.05423,0.88752,0.01272,-0.31869,-0.33253,
1682333506363370240,8.07241,4.40885,-1.05602,0.86885,0.02445,-0.31631,-0.38006,
1682333507735110400,8.08410,4.42472,-1.05426,0.87592,0.01621,-0.31586,-0.36433,
1682333508201078784,8.12152,4.47462,-1.04235,0.93142,-0.03380,-0.31637,-0.17669,
1682333508633752064,8.15281,4.47421,-1.02231,0.94901,-0.08815,-0.30166,-0.02480,
1682333509035122176,8.10166,4.48708,-1.02413,0.95036,-0.09249,-0.29618,-0.02339,
1682333509837326336,8.10656,4.48477,-1.02451,0.95040,-0.09090,-0.29652,-0.02364,
1682333510336370944,8.10384,4.52505,-1.02295,0.94554,-0.12490,-0.28161,0.10513,
1682333510735540992,8.09214,4.51491,-1.03159,0.94483,-0.11936,-0.28565,0.10704,
1682333511534036224,8.09207,4.50311,-1.04031,0.94369,-0.11712,-0.28921,0.10992,
1682333512033191168,8.08011,4.48952,-1.02155,0.94799,-0.11306,-0.29456,0.04207,
1682333512499045120,7.27034,4.14095,-1.72375,0.93845,0.24820,-0.22833,0.07466,
1682333512964911360,7.24868,4.13892,-1.73244,0.93854,0.24913,-0.22699,0.07449,
1682333518924664064,7.29767,4.13747,-1.71124,0.93955,0.24999,-0.22452,0.06584,
1682333519392562176,7.43991,4.16069,-1.63109,0.93856,0.25291,-0.22715,0.05958,
1682333519859866112,7.64322,4.19239,-1.51225,0.93783,0.25732,-0.22645,0.05467,
1682333520792895232,7.74019,4.19857,-1.47048,0.93828,0.25716,-0.22611,0.04874,
1682333521228614656,7.78307,4.19868,-1.45607,0.93876,0.25705,-0.22581,0.04082,
1682333521697770240,7.83108,4.19930,-1.43333,0.93956,0.25739,-0.22305,0.03495,
1682333522170377984,7.87485,4.19721,-1.42099,0.93955,0.25910,-0.22214,0.02779,
1682333522677271808,7.92243,4.20034,-1.39626,0.93995,0.26015,-0.22011,0.01904,
1682333523178519552,7.96132,4.19322,-1.37982,0.94004,0.26356,-0.21645,0.00468,
1682333524078614272,7.99681,4.19131,-1.36014,0.94006,0.26364,-0.21629,-0.00275,
1682333525011386112,8.00970,4.20486,-1.33991,0.93770,0.26340,-0.22233,0.04374,
1682333525445351168,7.99299,4.22086,-1.33892,0.92784,0.23721,-0.24774,0.14653,
1682333525879092480,7.98296,4.21712,-1.34385,0.92793,0.23678,-0.24768,0.14677,
1682333526278716928,7.99101,4.22111,-1.34094,0.92774,0.23718,-0.24820,0.14641,
1682333526778167552,7.97543,4.26169,-1.34407,0.88841,0.22186,-0.28016,0.28811,
1682333527244499712,7.96859,4.25930,-1.32730,0.89121,0.20216,-0.28003,0.29403,
1682333527644149248,7.97002,4.26063,-1.33606,0.88960,0.20579,-0.28183,0.29466,
1682333528077094144,7.97304,4.26162,-1.33712,0.88944,0.20570,-0.28245,0.29463,
1682333528509983232,7.98911,4.23694,-1.33223,0.92020,0.20915,-0.26694,0.19553,
1682333528942901248,7.99137,4.23646,-1.35006,0.92319,0.24100,-0.25543,0.15620,
1682333529342579200,7.99476,4.23891,-1.35149,0.92302,0.24050,-0.25664,0.15595,
1682333529742196992,7.99037,4.22864,-1.34648,0.92668,0.23458,-0.25322,0.14872,
1682333530213645056,7.99099,4.22917,-1.34960,0.92631,0.23483,-0.25433,0.14871,
1682333531120034816,7.86928,4.12609,-1.05339,0.94396,0.20992,-0.20627,0.14943,
1682333532384494336,7.86435,4.13244,-1.02697,0.94273,0.21936,-0.19779,0.15499,
1682333532750307840,7.85692,4.15145,-0.97985,0.91124,0.18780,-0.22246,0.29136,
1682333533150385152,7.85504,4.14197,-0.98907,0.91079,0.18920,-0.22248,0.29183,
1682333534549389056,7.86743,4.15728,-0.97556,0.90767,0.18649,-0.22280,0.30284,
1682333534981747712,7.88105,4.15602,-0.96790,0.90815,0.18791,-0.23221,0.29330,
1682333535480624896,7.93131,4.19326,-0.94105,0.91556,0.19002,-0.21962,0.27821,
1682333535912872448,7.97279,4.22463,-0.91217,0.91608,0.19046,-0.22045,0.27553,
1682333536411778560,8.01852,4.25385,-0.88471,0.91933,0.19149,-0.21953,0.26454,
1682333536844000512,8.05334,4.27422,-0.86644,0.91996,0.19167,-0.21884,0.26275,
1682333537642229760,8.12203,4.30225,-0.82906,0.92467,0.19158,-0.21494,0.24918,
1682333538075978752,8.16213,4.32791,-0.80571,0.92645,0.19516,-0.21182,0.24237,
1682333538511668992,8.20203,4.34887,-0.78241,0.92789,0.19600,-0.21122,0.23660,
1682333538980554496,8.23649,4.36740,-0.76440,0.92958,0.19630,-0.21067,0.23014,
1682333539447290112,8.27323,4.37547,-0.74291,0.93196,0.19535,-0.20871,0.22299,
1682333539880674816,8.30120,4.38377,-0.73321,0.93359,0.19727,-0.20745,0.21554,
1682333540346997760,8.34759,4.41226,-0.70106,0.93582,0.19669,-0.20562,0.20801,
1682333541679241728,8.38828,4.43346,-0.68519,0.93704,0.19869,-0.20379,0.20235,
1682333543012225536,8.38762,4.43200,-0.68780,0.93684,0.19916,-0.20407,0.20253,
1682333543446233856,8.43197,4.44311,-0.67133,0.93866,0.19996,-0.20367,0.19352,
1682333543913570560,8.51037,4.47067,-0.63425,0.94240,0.20318,-0.20062,0.17421,
1682333544446332160,8.61452,4.51381,-0.57928,0.94467,0.20365,-0.19745,0.16471,
1682333544945833472,8.69526,4.52627,-0.55309,0.94793,0.20698,-0.19274,0.14643,
1682333545412947968,8.75121,4.53099,-0.53691,0.95181,0.21003,-0.18136,0.13059,
1682333545913409024,8.77653,4.54078,-0.52192,0.95098,0.21117,-0.18781,0.12556,
1682333547353665280,8.76759,4.53741,-0.52520,0.95114,0.21107,-0.18704,0.12565,
1682333547854045696,8.83952,4.55052,-0.49733,0.95275,0.21303,-0.18645,0.11012,
1682333548387334656,8.93094,4.56714,-0.46412,0.95457,0.21519,-0.18308,0.09475,
1682333548920568064,8.98738,4.57092,-0.44133,0.95663,0.21760,-0.17767,0.07704,
1682333551955594752,8.97252,4.57347,-0.44969,0.95649,0.21775,-0.17859,0.07629,
1682333552422351616,8.87382,4.58080,-0.51455,0.92341,0.21189,-0.22745,0.22511,
1682333552855742976,8.98148,4.58992,-0.44359,0.92211,0.19580,-0.21593,0.25446,
1682333553322475264,8.91261,4.53022,-0.47607,0.92109,0.19554,-0.21547,0.25871,
1682333554656110336,8.91533,4.52777,-0.47626,0.92094,0.19602,-0.21551,0.25887,
1682333555089549568,8.92573,4.51865,-0.42986,0.93289,0.17919,-0.20425,0.23642,
1682333555522922496,8.91307,4.49535,-0.46313,0.93014,0.18598,-0.20622,0.24024,
1682333556056285440,7.52882,4.11024,-0.55708,0.96574,0.13869,-0.16062,0.14938,
1682333556589670400,7.46935,4.10326,-0.53507,0.96749,0.13644,-0.15588,0.14511,
1682333558157481216,8.57855,3.59707,-1.15799,0.91449,-0.02119,-0.30668,0.26306,
1682333561963507968,8.20557,3.79207,-0.87584,0.90223,0.08545,-0.26430,0.32989,
1682333562397013248,8.23192,3.79976,-0.88122,0.90478,0.09344,-0.26923,0.31648,
1682333562897198080,8.24560,3.80786,-0.86814,0.90252,0.10075,-0.28311,0.30848,
1682333563397517312,8.28159,3.84895,-0.81483,0.91906,0.09773,-0.27985,0.25974,
1682333563831135488,8.27272,3.87488,-0.79762,0.88677,0.14113,-0.37815,0.22522,
1682333564364660736,8.24493,3.84114,-0.84188,0.86985,0.16468,-0.43719,0.15845,
1682333564831439872,8.22950,3.83584,-0.82039,0.86677,0.16298,-0.44535,0.15428,
1682333565265327104,8.22048,3.84843,-0.80540,0.87093,0.16100,-0.43838,0.15293,
1682333565766223360,8.24506,3.85710,-0.79911,0.89361,0.15227,-0.39044,0.16073,
1682333566466690816,8.23491,3.84524,-0.85336,0.93974,0.12755,-0.27161,0.16384,
1682333567900142080,8.18907,3.84436,-0.92835,0.95256,0.11347,-0.23474,0.15702,
1682333568539522560,8.26686,3.81294,-0.90722,0.94942,0.11473,-0.23876,0.16860,
1682333569246038784,8.23611,3.81954,-0.93258,0.95240,0.10928,-0.23398,0.16199,
1682333570211734528,8.16317,3.80043,-0.96778,0.95310,0.10994,-0.23931,0.14912,
1682333571510925312,8.15869,3.79632,-0.96916,0.95322,0.11002,-0.23876,0.14922,
1682333572312913408,7.85465,5.24554,-0.67231,0.91816,0.16614,-0.25602,0.25265,
1682333573054041344,7.86153,5.24886,-0.67360,0.91802,0.16701,-0.25645,0.25215,
1682333573719307008,7.84823,5.24400,-0.67895,0.91793,0.16789,-0.25631,0.25204,
1682333574385032960,7.81942,5.23830,-0.68776,0.91876,0.16964,-0.25411,0.25005,
1682333575151646976,7.81520,5.23893,-0.68747,0.91915,0.16933,-0.25366,0.24929,
1682333575817175808,7.82071,5.23793,-0.69136,0.91853,0.17030,-0.25314,0.25144,
1682333576549210368,7.75205,5.19940,-0.71848,0.92133,0.16999,-0.25188,0.24251,
1682333577214535936,7.75151,5.19600,-0.73029,0.92064,0.17130,-0.25224,0.24383,
1682333577846653184,7.75078,5.19550,-0.73093,0.92057,0.17147,-0.25224,0.24397,
1682333578478816000,7.90680,4.93371,-0.73111,0.94282,0.02749,-0.30219,0.13792,
1682333579077575168,7.92590,4.92228,-0.78692,0.94684,0.07069,-0.30635,0.06813,
1682333579610075904,7.87423,4.92828,-0.80171,0.93787,0.00606,-0.34284,0.05310,
1682333581040649216,7.87214,4.91100,-0.81306,0.91762,-0.07190,-0.38774,0.04966,
1682333581906450688,7.89627,4.91243,-0.77315,0.90057,-0.11585,-0.41830,0.02391,
1682333582638678528,8.00441,4.91924,-0.67202,0.90294,-0.09295,-0.41929,-0.01594,
1682333583404018944,8.00190,4.95607,-0.61307,0.80395,-0.19598,-0.56105,-0.02179,
1682333584102777344,8.10977,4.96596,-0.46172,0.83827,-0.21876,-0.49754,-0.04368,
1682333584840140800,8.11627,5.07484,-0.29592,0.73699,-0.34864,-0.57574,-0.06189,
1682333585708598528,8.12537,5.08501,-0.28230,0.73610,-0.34900,-0.57639,-0.06425,
1682333586375666176,8.12249,5.08048,-0.28075,0.73616,-0.34944,-0.57612,-0.06354,
1682333587076900096,8.12270,5.10201,-0.31098,0.74071,-0.40090,-0.53889,0.01479,
1682333587877580800,8.12014,5.10233,-0.30402,0.74094,-0.40170,-0.53799,0.01497,
1682333588714184448,8.11591,5.11896,-0.31096,0.74096,-0.40348,-0.53679,0.00601,
1682333589316881152,8.11640,5.10960,-0.30763,0.74099,-0.40279,-0.53719,0.01085,
1682333590186265344,8.11700,5.10939,-0.30776,0.74099,-0.40253,-0.53738,0.01094,
1682333590891842816,8.12145,5.08406,-0.26868,0.72666,-0.29532,-0.60687,-0.12833,
1682333591592548352,8.28274,5.09304,-0.21654,0.73422,-0.22012,-0.63610,-0.08858,
1682333592292792064,8.21260,5.06772,-0.27280,0.73237,-0.24591,-0.62703,-0.10001,
1682333593858294016,8.19713,5.06699,-0.21441,0.72913,-0.25201,-0.62560,-0.11610,
1682333594624709120,8.22213,5.07842,-0.10194,0.72772,-0.24497,-0.62793,-0.12691,
1682333595457790976,8.27459,5.07878,0.01867,0.72626,-0.22399,-0.63612,-0.13315,
1682333596291551232,8.32944,5.07278,0.13184,0.72705,-0.19410,-0.64554,-0.13035,
1682333596991099136,8.34110,5.07739,0.22312,0.72467,-0.18712,-0.64681,-0.14656,
1682333597724761856,8.36321,5.08276,0.32028,0.72202,-0.18441,-0.64879,-0.15410,
1682333598525658880,8.38709,5.08787,0.43246,0.71941,-0.17490,-0.65098,-0.16758,
1682333599359890688,8.41367,5.06621,0.55326,0.71604,-0.16837,-0.65529,-0.17187,
1682333600059240192,8.42622,5.05389,0.64740,0.71253,-0.16105,-0.65783,-0.18338,
1682333600825183744,8.44378,5.04271,0.75498,0.70932,-0.15213,-0.66103,-0.19171,
1682333601591190528,8.45907,5.02406,0.86273,0.70556,-0.14069,-0.66399,-0.20375,
1682333602257387776,8.47116,5.00552,0.95331,0.70147,-0.13514,-0.66790,-0.20879,
1682333602990974976,8.47618,4.99229,1.05591,0.69972,-0.12592,-0.66848,-0.21835,
1682333603659595264,8.48112,4.97995,1.14830,0.69721,-0.11922,-0.66935,-0.22728,
1682333604496034560,8.48736,4.95474,1.26755,0.69397,-0.11054,-0.67076,-0.23721,
1682333610259613440,8.48332,4.95815,1.28333,0.69456,-0.10669,-0.66920,-0.24159,
1682333610831188736,8.52593,5.01258,1.34315,0.72383,-0.18639,-0.65257,-0.12444,
1682333611537035520,8.52041,5.01227,1.33704,0.72432,-0.18672,-0.65210,-0.12353,
1682333612208566784,8.53248,4.85903,1.26975,0.71658,-0.23445,-0.65221,-0.07856,
1682333613719177216,8.54043,4.81386,1.31943,0.71662,-0.21929,-0.65943,-0.05941,
1682333614962413568,8.55031,4.83129,1.36703,0.71572,-0.20513,-0.66546,-0.05322,
1682333615664567808,8.56406,4.86703,1.41490,0.71457,-0.20434,-0.66485,-0.07490,
1682333616531985664,8.58467,4.88896,1.52911,0.71162,-0.20624,-0.66468,-0.09629,
1682333617199177984,8.58943,4.91160,1.53566,0.70856,-0.19814,-0.66804,-0.11141,
1682333617936110848,8.59905,4.91705,1.64530,0.70729,-0.18763,-0.67022,-0.12389,
1682333618771852800,8.60254,4.92704,1.64990,0.70416,-0.17869,-0.67309,-0.13851,
1682333619438459136,8.60507,4.92785,1.67534,0.70356,-0.17932,-0.67389,-0.13679,
1682333620173967872,8.61456,4.93296,1.75555,0.70518,-0.18460,-0.67178,-0.13176,
1682333620974820096,8.63476,4.93897,1.87242,0.70295,-0.18331,-0.67373,-0.13544,
1682333622609122048,8.65343,4.94635,2.03418,0.70088,-0.17292,-0.67629,-0.14659,
1682333623409470208,8.67428,4.94020,2.14997,0.70097,-0.16207,-0.67703,-0.15491,
